year,week,average sentiment score
2017,41,0.16785714285714284
2017,47,0.13394886363636366
2017,49,0.05693134171907758
2017,20,0.05
2017,42,0.0
2017,48,0.07430805103742004
2017,46,0.09422354497354496
2017,44,0.0
2017,45,-0.024212962962962957
